,@workoutActivityType,@duration,@durationUnit,@totalDistance,@totalDistanceUnit,@totalEnergyBurned,@totalEnergyBurnedUnit,@sourceName,@sourceVersion,@creationDate,@startDate,@endDate
0,Running,30.41114684939384,min,1.6610099999998968,km,289.7239999999997,kcal,@DivyeshBC Watch 2.0,3.1,2017-01-09 21:18:46+01:00,2017-01-09 19:12:54+01:00,2017-01-09 21:18:39+01:00
1,Running,47.00274128317833,min,1.854529999999948,km,392.4069999999992,kcal,@DivyeshBC Watch 2.0,3.1,2017-01-16 20:05:28+01:00,2017-01-16 19:17:54+01:00,2017-01-16 20:04:54+01:00
2,Running,41.798697715997704,min,1.9812399999999109,km,356.4899999999996,kcal,@DivyeshBC Watch 2.0,3.1,2017-01-19 19:36:29+01:00,2017-01-19 18:54:26+01:00,2017-01-19 19:36:14+01:00
3,Running,42.98669135073821,min,2.140599999999795,km,389.16399999999885,kcal,@DivyeshBC Watch 2.0,3.1,2017-01-21 10:48:16+01:00,2017-01-21 10:05:00+01:00,2017-01-21 10:47:59+01:00
4,Running,35.05750849942366,min,1.2296800000001091,km,243.88899999999958,kcal,@DivyeshBC Watch 2.0,3.1,2017-02-06 20:43:18+01:00,2017-02-06 20:08:08+01:00,2017-02-06 20:43:11+01:00
5,Running,27.471575683355326,min,1.032189999999973,km,237.31700000000018,kcal,@DivyeshBC Watch 2.0,3.1,2017-02-09 19:53:13+01:00,2017-02-09 19:25:37+01:00,2017-02-09 19:53:05+01:00
6,Running,21.75153456727664,min,1.0624099999999599,km,173.5060000000002,kcal,@DivyeshBC Watch 2.0,3.1,2017-02-13 20:19:33+01:00,2017-02-13 19:50:11+01:00,2017-02-13 20:11:56+01:00
7,Running,32.84756951630116,min,1.611369999999646,km,264.7029999999999,kcal,@DivyeshBC Watch 2.0,3.1,2017-02-21 19:54:40+01:00,2017-02-21 19:21:41+01:00,2017-02-21 19:54:32+01:00
8,Running,39.353345282872525,min,2.0280499999996393,km,327.351,kcal,@DivyeshBC Watch 2.0,3.1,2017-02-22 20:10:53+01:00,2017-02-22 19:31:28+01:00,2017-02-22 20:10:49+01:00
9,Running,22.07183349927266,min,1.062040000000095,km,149.825,kcal,@DivyeshBC Watch 2.0,3.1,2017-02-24 21:17:04+01:00,2017-02-24 20:54:51+01:00,2017-02-24 21:16:55+01:00
10,Running,40.09046331644058,min,2.4392899999999793,km,333.7309999999999,kcal,@DivyeshBC Watch 2.0,3.1,2017-02-28 20:09:57+01:00,2017-02-28 19:29:47+01:00,2017-02-28 20:09:52+01:00
11,Running,32.42645271619161,min,1.781749999999913,km,251.1949999999997,kcal,@DivyeshBC Watch 2.0,3.1,2017-03-02 20:07:07+01:00,2017-03-02 19:34:30+01:00,2017-03-02 20:06:56+01:00
12,Running,30.16461881597837,min,1.842669999999751,km,233.66200000000006,kcal,@DivyeshBC Watch 2.0,3.1,2017-03-11 20:17:14+01:00,2017-03-11 19:46:58+01:00,2017-03-11 20:17:07+01:00
13,Running,30.895448733369513,min,1.850160000000469,km,264.6569999999998,kcal,@DivyeshBC Watch 2.0,3.1,2017-03-13 20:16:37+01:00,2017-03-13 19:45:37+01:00,2017-03-13 20:16:30+01:00
14,Running,21.58514311710993,min,1.4422400000002533,km,192.2269999999995,kcal,@DivyeshBC Watch 2.0,3.1,2017-03-14 20:25:42+01:00,2017-03-14 20:04:04+01:00,2017-03-14 20:25:39+01:00
15,Running,25.2676885664463,min,1.707520000000193,km,211.66400000000002,kcal,@DivyeshBC Watch 2.0,3.1,2017-03-22 19:57:58+01:00,2017-03-22 19:32:33+01:00,2017-03-22 19:57:49+01:00
16,Running,29.84514686663946,min,2.0020399999985243,km,242.1509999999998,kcal,@DivyeshBC Watch 2.0,3.1,2017-04-11 09:24:36+01:00,2017-04-11 08:54:35+01:00,2017-04-11 09:24:26+01:00
17,Running,52.38771433333556,min,3.145089999998337,km,428.9029999999996,kcal,@DivyeshBC Watch 2.0,3.1,2017-04-15 11:55:16+01:00,2017-04-15 11:02:47+01:00,2017-04-15 11:55:10+01:00
18,Running,26.26815518339475,min,1.6439999999978459,km,209.0859999999998,kcal,@DivyeshBC Watch 2.0,3.1,2017-04-24 19:19:26+01:00,2017-04-24 18:53:03+01:00,2017-04-24 19:19:19+01:00
19,Running,29.80454191664855,min,1.8997399999994093,km,245.5049999999999,kcal,@DivyeshBC Watch 2.0,3.1,2017-04-26 19:33:28+01:00,2017-04-26 19:03:36+01:00,2017-04-26 19:33:24+01:00
20,Running,32.25617601672808,min,1.545139999998966,km,287.1730000000003,kcal,@DivyeshBC Watch 2.0,3.1,2017-05-30 20:06:54+01:00,2017-05-30 19:33:54+01:00,2017-05-30 20:06:09+01:00
21,Running,31.333484833439194,min,1.377119999999355,km,251.86599999999993,kcal,@DivyeshBC Watch 2.0,3.1,2017-06-10 10:39:17+01:00,2017-06-10 10:07:51+01:00,2017-06-10 10:39:11+01:00
22,Running,34.07924509942531,min,1.727049999998999,km,234.1839999999998,kcal,@DivyeshBC Watch 2.0,3.1,2017-07-11 20:07:56+01:00,2017-07-11 19:33:46+01:00,2017-07-11 20:07:51+01:00
24,Running,35.574061699708295,min,1.6661836194863429,km,275.62200000000007,kcal,@DivyeshBC Watch 2.0,3.1,2017-07-21 19:43:40+01:00,2017-07-21 19:07:58+01:00,2017-07-21 19:43:32+01:00
25,Running,31.40930068393548,min,1.48351275980752,km,216.5289999999998,kcal,@DivyeshBC Watch 2.0,3.1,2017-07-24 19:43:34+01:00,2017-07-24 19:12:06+01:00,2017-07-24 19:43:31+01:00
26,Running,32.4289245168368,min,1.8419252658265761,km,251.99200000000008,kcal,@DivyeshBC Watch 2.0,3.1,2017-07-27 19:07:11+01:00,2017-07-27 18:32:03+01:00,2017-07-27 19:04:29+01:00
27,Running,38.33082583347957,min,1.948212049752765,km,344.9799999999996,kcal,@DivyeshBC Watch 2.0,3.1,2017-08-04 19:07:59+01:00,2017-08-04 18:29:33+01:00,2017-08-04 19:07:53+01:00
28,Running,16.34358621637027,min,0.94618914953887,km,125.939,kcal,@DivyeshBC Watch 2.0,3.1,2017-09-04 19:39:56+01:00,2017-09-04 19:23:08+01:00,2017-09-04 19:39:29+01:00
29,Running,26.366428616642946,min,1.1629934399955673,km,203.764,kcal,@DivyeshBC Watch 2.0,3.1,2017-09-21 18:31:18+01:00,2017-09-21 18:04:51+01:00,2017-09-21 18:31:13+01:00
34,Running,27.506910483042397,min,2.006630975109176,km,244.747,kcal,@DivyeshBC Watch 2.0,4.0,2017-10-15 09:21:40+01:00,2017-10-14 10:16:54+01:00,2017-10-14 10:44:25+01:00
39,Running,26.114125883579263,min,1.393040767775965,km,175.3280000000001,kcal,@DivyeshBC Watch 2.0,4.0,2017-11-02 23:00:36+01:00,2017-11-02 22:34:28+01:00,2017-11-02 23:00:35+01:00
40,Running,32.22392148375511,min,2.1081028620161812,km,300.3019999999999,kcal,@DivyeshBC Watch 2.0,4.0,2017-11-03 21:34:54+01:00,2017-11-03 21:02:39+01:00,2017-11-03 21:34:53+01:00
41,Running,30.900414349635444,min,1.9170194579424569,km,236.23800000000008,kcal,@DivyeshBC Watch 2.0,4.0,2017-11-04 19:22:08+01:00,2017-11-04 18:51:13+01:00,2017-11-04 19:22:07+01:00
42,Running,32.530391016602515,min,1.7621730244205098,km,228.16300000000007,kcal,@DivyeshBC Watch 2.0,4.0,2017-11-07 20:49:46+01:00,2017-11-07 20:17:13+01:00,2017-11-07 20:49:45+01:00
44,Running,24.648198067148535,min,1.870491452194401,km,200.85700000000048,kcal,@DivyeshBC Watch 2.0,4.0,2017-11-10 20:38:18+01:00,2017-11-10 20:03:23+01:00,2017-11-10 20:38:17+01:00
45,Running,19.201014455159513,min,1.4187139105540703,km,164.4619999999999,kcal,@DivyeshBC Watch 2.0,4.0,2017-11-11 11:00:34+01:00,2017-11-11 10:18:31+01:00,2017-11-11 11:00:33+01:00
49,Running,15.27643098433813,min,1.286629917741637,km,129.1559999999999,kcal,@DivyeshBC Watch 2.0,4.0,2017-11-17 20:15:54+01:00,2017-11-17 19:43:55+01:00,2017-11-17 20:15:53+01:00
51,Running,48.516493866841,min,1.8097491911704418,km,223.638,kcal,@DivyeshBC Watch 2.0,4.0,2017-11-19 11:56:01+01:00,2017-11-19 10:23:17+01:00,2017-11-19 11:11:48+01:00
55,Running,17.543246195713678,min,1.2995134492943758,km,149.44599999999969,kcal,@DivyeshBC Watch 2.0,4.1,2017-11-24 20:37:51+01:00,2017-11-24 20:06:41+01:00,2017-11-24 20:37:50+01:00
56,Running,14.24477641383807,min,1.39761427517503,km,144.9319999999999,kcal,@DivyeshBC Watch 2.0,4.1,2017-11-27 07:56:22+01:00,2017-11-27 07:36:08+01:00,2017-11-27 07:56:21+01:00
58,Running,14.437390915552779,min,1.2676043827174,km,142.015,kcal,@DivyeshBC Watch 2.0,4.1,2017-11-29 20:45:17+01:00,2017-11-29 20:20:29+01:00,2017-11-29 20:45:16+01:00
61,Running,12.79538373152415,min,1.2597474112808702,km,109.0510000000001,kcal,@DivyeshBC Watch 2.0,4.1,2017-12-06 20:28:13+01:00,2017-12-06 20:07:59+01:00,2017-12-06 20:28:12+01:00
63,Running,19.672969118754068,min,1.8772460411946517,km,193.5680000000004,kcal,@DivyeshBC Watch 2.0,4.1,2017-12-08 20:31:32+01:00,2017-12-08 20:00:15+01:00,2017-12-08 20:31:31+01:00
65,Running,17.03204352955023,min,1.684614410104929,km,154.28599999999992,kcal,@DivyeshBC Watch 2.0,4.1,2017-12-10 11:50:06+01:00,2017-12-10 11:20:00+01:00,2017-12-10 11:50:05+01:00
71,Running,22.05166958371798,min,2.011029709015856,km,194.89500000000007,kcal,@DivyeshBC Watch 2.0,4.1,2017-12-22 21:23:26+01:00,2017-12-22 20:51:05+01:00,2017-12-22 21:23:26+01:00
73,Running,32.38400841454665,min,3.103389629073674,km,335.4220000000005,kcal,@DivyeshBC Watch 2.0,4.2,2017-12-26 12:25:35+01:00,2017-12-26 11:39:46+01:00,2017-12-26 12:25:33+01:00
76,Running,17.498992948730788,min,1.899068587049143,km,162.9369999999999,kcal,@DivyeshBC Watch 2.0,4.2,2017-12-30 21:51:29+01:00,2017-12-30 21:23:33+01:00,2017-12-30 21:51:27+01:00
77,Running,35.44381438692411,min,3.2082294299810887,km,346.0190000000002,kcal,@DivyeshBC Watch 2.0,4.2,2018-01-01 13:32:16+01:00,2018-01-01 12:39:05+01:00,2018-01-01 13:32:13+01:00
79,Running,17.431909132997188,min,1.70588415044162,km,154.3330000000003,kcal,@DivyeshBC Watch 2.0,4.2,2018-01-02 19:38:42+01:00,2018-01-02 19:11:29+01:00,2018-01-02 19:38:39+01:00
80,Running,23.64147544503212,min,2.355727968644118,km,217.7209999999998,kcal,@DivyeshBC Watch 2.0,4.2,2018-01-05 20:59:16+01:00,2018-01-05 20:28:14+01:00,2018-01-05 20:59:14+01:00
84,Running,32.482674284776046,min,1.737595495337038,km,113.475,kcal,@DivyeshBC Watch 2.0,4.2,2018-01-07 22:19:07+01:00,2018-01-07 20:48:41+01:00,2018-01-07 22:19:04+01:00
88,Running,14.807231632868449,min,1.6505690581585513,km,140.47799999999998,kcal,@DivyeshBC Watch 2.0,4.2,2018-01-10 20:13:33+01:00,2018-01-10 19:50:53+01:00,2018-01-10 20:13:30+01:00
93,Running,20.62775319814682,min,2.078683130695252,km,205.9260000000004,kcal,@DivyeshBC Watch 2.0,4.2,2018-01-12 21:21:55+01:00,2018-01-12 20:54:01+01:00,2018-01-12 21:21:52+01:00
96,Running,27.40136603315671,min,2.3776962150498293,km,244.9929999999998,kcal,@DivyeshBC Watch 2.0,4.2,2018-01-13 19:48:13+01:00,2018-01-13 19:16:56+01:00,2018-01-13 19:48:10+01:00
98,Running,48.501860696077344,min,2.871449183597811,km,200.4709999999998,kcal,@DivyeshBC Watch 2.0,4.2,2018-01-14 19:21:37+01:00,2018-01-14 18:15:08+01:00,2018-01-14 19:21:33+01:00
99,Running,24.68971208532651,min,2.195824954017182,km,204.63200000000032,kcal,@DivyeshBC Watch 2.0,4.2,2018-01-14 21:10:19+01:00,2018-01-14 20:40:54+01:00,2018-01-14 21:10:17+01:00
108,Running,22.54818958640099,min,2.4897786766920467,km,248.00499999999968,kcal,@DivyeshBC Watch 2.0,4.2,2018-01-23 20:05:58+01:00,2018-01-23 19:35:42+01:00,2018-01-23 20:05:54+01:00
109,Running,23.34184975028038,min,2.522823243285646,km,224.5710000000003,kcal,@DivyeshBC Watch 2.0,4.2,2018-01-24 20:11:35+01:00,2018-01-24 19:41:21+01:00,2018-01-24 20:11:31+01:00
113,Running,17.28059056599935,min,2.013009291653871,km,167.4690000000002,kcal,@DivyeshBC Watch 2.0,4.2,2018-01-28 19:47:45+01:00,2018-01-28 19:24:25+01:00,2018-01-28 19:47:42+01:00
116,Running,54.687032673756285,min,5.484064440533286,km,471.4120000000004,kcal,@DivyeshBC Watch 2.0,4.2.2,2018-02-03 11:15:02+01:00,2018-02-03 10:12:38+01:00,2018-02-03 11:14:59+01:00
121,Running,24.08081778089205,min,2.756035142445355,km,216.96499999999958,kcal,@DivyeshBC Watch 2.0,4.2.2,2018-02-06 20:31:41+01:00,2018-02-06 19:59:46+01:00,2018-02-06 20:31:38+01:00
122,Running,18.692761347691217,min,2.3815195937898244,km,219.95900000000043,kcal,@DivyeshBC Watch 2.0,4.2.2,2018-02-07 20:35:23+01:00,2018-02-07 20:13:30+01:00,2018-02-07 20:35:20+01:00
125,Running,20.13838338653246,min,2.3541400856908883,km,192.4439999999996,kcal,@DivyeshBC Watch 2.0,4.2.2,2018-02-13 20:05:37+01:00,2018-02-13 19:44:02+01:00,2018-02-13 20:05:35+01:00
128,Running,17.2776031712691,min,1.8476967773886859,km,171.7479999999997,kcal,@DivyeshBC Watch 2.0,4.2.2,2018-02-16 20:36:55+01:00,2018-02-16 20:16:34+01:00,2018-02-16 20:36:53+01:00
130,Running,38.330046512683225,min,3.9266118843522855,km,421.6480000000016,kcal,@DivyeshBC Watch 2.0,4.2.2,2018-02-18 12:13:59+01:00,2018-02-18 11:28:08+01:00,2018-02-18 12:13:55+01:00
133,Running,23.198170314232513,min,2.6272505111070354,km,227.5160000000003,kcal,@DivyeshBC Watch 2.0,4.2.2,2018-02-21 19:32:46+01:00,2018-02-21 19:05:35+01:00,2018-02-21 19:32:44+01:00
136,Running,58.53159911632538,min,5.447393339380389,km,584.5930000000037,kcal,@DivyeshBC Watch 2.0,4.2.2,2018-02-25 10:46:22+01:00,2018-02-25 09:35:20+01:00,2018-02-25 10:46:17+01:00
138,Running,20.753431189060212,min,2.290649839431047,km,182.89100000000008,kcal,@DivyeshBC Watch 2.0,4.2.3,2018-02-28 07:04:57+01:00,2018-02-28 06:39:42+01:00,2018-02-28 07:04:55+01:00
142,Running,20.044175012906393,min,2.2476155714541672,km,188.90400000000002,kcal,@DivyeshBC Watch 2.0,4.2.3,2018-03-07 20:53:44+01:00,2018-03-07 20:28:54+01:00,2018-03-07 20:53:42+01:00
144,Running,38.51531910300255,min,3.566104306525551,km,376.4939999999992,kcal,@DivyeshBC Watch 2.0,4.2.3,2018-03-10 09:40:27+01:00,2018-03-10 08:48:47+01:00,2018-03-10 09:40:24+01:00
145,Running,22.17918043732643,min,2.5454295610166153,km,238.2919999999998,kcal,@DivyeshBC Watch 2.0,4.2.3,2018-03-11 10:06:41+01:00,2018-03-11 09:35:11+01:00,2018-03-11 10:06:39+01:00
148,Running,21.53972783684731,min,2.302631343150744,km,219.70800000000008,kcal,@DivyeshBC Watch 2.0,4.2.3,2018-03-14 20:46:03+01:00,2018-03-14 20:19:58+01:00,2018-03-14 20:46:02+01:00
150,Running,24.225363632043198,min,2.3871406396704256,km,212.3619999999998,kcal,@DivyeshBC Watch 2.0,4.2.3,2018-03-17 08:36:26+01:00,2018-03-17 07:58:27+01:00,2018-03-17 08:36:23+01:00
153,Running,19.773823338747032,min,2.165463263138663,km,216.39099999999982,kcal,@DivyeshBC Watch 2.0,4.2.3,2018-03-20 20:50:07+01:00,2018-03-20 20:26:35+01:00,2018-03-20 20:50:05+01:00
154,Running,35.796843196948366,min,3.6000950574169397,km,345.3430000000003,kcal,@DivyeshBC Watch 2.0,4.2.3,2018-03-21 20:00:21+01:00,2018-03-21 19:14:10+01:00,2018-03-21 20:00:16+01:00
156,Running,42.8637978831927,min,4.533757975061191,km,471.194999999999,kcal,@DivyeshBC Watch 2.0,4.2.3,2018-03-24 09:05:38+01:00,2018-03-24 08:12:23+01:00,2018-03-24 09:05:34+01:00
158,Running,39.04473280509313,min,3.771977415042696,km,368.3090000000006,kcal,@DivyeshBC Watch 2.0,4.2.3,2018-03-25 09:44:40+01:00,2018-03-25 08:54:45+01:00,2018-03-25 09:44:36+01:00
160,Running,31.495146564642592,min,3.286688229586696,km,309.1669999999994,kcal,@DivyeshBC Watch 2.0,4.2.3,2018-03-27 18:19:58+01:00,2018-03-27 17:40:29+01:00,2018-03-27 18:19:56+01:00
161,Running,20.00907378594081,min,2.271351125819376,km,211.61699999999982,kcal,@DivyeshBC Watch 2.0,4.2.3,2018-03-28 18:29:14+01:00,2018-03-28 18:06:49+01:00,2018-03-28 18:29:12+01:00
163,Running,22.373165959119802,min,2.412064269136172,km,222.53599999999958,kcal,@DivyeshBC Watch 2.0,4.2.3,2018-03-30 22:32:41+01:00,2018-03-30 22:02:21+01:00,2018-03-30 22:32:39+01:00
165,Running,26.40210103988647,min,2.915031498749507,km,253.65499999999992,kcal,@DivyeshBC Watch 2.0,4.2.3,2018-04-01 11:04:03+01:00,2018-04-01 10:30:38+01:00,2018-04-01 11:03:59+01:00
167,Running,21.10598084727923,min,2.413236176682636,km,218.4870000000002,kcal,@DivyeshBC Watch 2.0,4.2.3,2018-04-03 05:06:37+01:00,2018-04-03 04:40:04+01:00,2018-04-03 05:06:34+01:00
169,Running,19.002365084489192,min,2.2663927412068006,km,221.64900000000043,kcal,@DivyeshBC Watch 2.0,4.2.3,2018-04-04 18:06:28+01:00,2018-04-04 17:43:16+01:00,2018-04-04 18:06:25+01:00
172,Running,26.55064124663671,min,3.072358444139361,km,317.8489999999996,kcal,@DivyeshBC Watch 2.0,4.2.3,2018-04-07 09:43:56+01:00,2018-04-07 09:12:18+01:00,2018-04-07 09:43:52+01:00
174,Running,27.29804579218229,min,3.008483812154969,km,278.7049999999996,kcal,@DivyeshBC Watch 2.0,4.2.3,2018-04-08 09:18:54+01:00,2018-04-08 08:42:26+01:00,2018-04-08 09:18:51+01:00
175,Running,25.173216950893398,min,2.92381680904096,km,288.8230000000002,kcal,@DivyeshBC Watch 2.0,4.2.3,2018-04-10 18:31:38+01:00,2018-04-10 18:00:57+01:00,2018-04-10 18:31:35+01:00
178,Running,27.219960353771853,min,2.957007674928522,km,290.0380000000005,kcal,@DivyeshBC Watch 2.0,4.2.3,2018-04-14 10:16:38+01:00,2018-04-14 09:43:31+01:00,2018-04-14 10:16:35+01:00
180,Running,22.879893819491073,min,2.46620087644388,km,201.85400000000018,kcal,@DivyeshBC Watch 2.0,4.2.3,2018-04-15 09:35:52+01:00,2018-04-15 09:00:45+01:00,2018-04-15 09:35:50+01:00
181,Running,23.34224593440691,min,2.740675615715328,km,235.2230000000003,kcal,@DivyeshBC Watch 2.0,4.2.3,2018-04-16 18:06:10+01:00,2018-04-16 17:39:47+01:00,2018-04-16 18:06:08+01:00
184,Running,21.001920656363172,min,2.227128997076768,km,211.10800000000032,kcal,@DivyeshBC Watch 2.0,4.2.3,2018-04-18 18:34:49+01:00,2018-04-18 18:09:02+01:00,2018-04-18 18:34:46+01:00
187,Running,38.23811848958334,min,3.7925619585891255,km,390.3320000000004,kcal,@DivyeshBC Watch 2.0,4.2.3,2018-04-21 11:13:25+01:00,2018-04-21 10:08:06+01:00,2018-04-21 11:13:21+01:00
188,Running,23.957790215810142,min,2.594095332078869,km,230.7839999999995,kcal,@DivyeshBC Watch 2.0,4.2.3,2018-04-22 09:54:07+01:00,2018-04-22 09:20:37+01:00,2018-04-22 09:54:04+01:00
190,Running,17.57384722431501,min,2.1080181304262946,km,205.52799999999982,kcal,@DivyeshBC Watch 2.0,4.3,2018-04-23 19:59:56+01:00,2018-04-23 19:36:24+01:00,2018-04-23 19:59:54+01:00
191,Running,13.41208294828733,min,1.4460934388164899,km,136.4720000000001,kcal,@DivyeshBC Watch 2.0,4.3,2018-04-24 18:14:44+01:00,2018-04-24 17:53:36+01:00,2018-04-24 18:14:41+01:00
193,Running,17.68170172572136,min,2.09398929068516,km,196.74300000000062,kcal,@DivyeshBC Watch 2.0,4.3,2018-04-25 18:42:18+01:00,2018-04-25 18:20:25+01:00,2018-04-25 18:42:16+01:00
195,Running,37.955257999897,min,3.9015925812022765,km,428.74999999999864,kcal,@DivyeshBC Watch 2.0,4.3,2018-04-28 11:08:20+01:00,2018-04-28 10:10:54+01:00,2018-04-28 11:08:16+01:00
199,Running,20.95346588095029,min,2.6235053854542785,km,221.84200000000018,kcal,@DivyeshBC Watch 2.0,4.3,2018-04-30 18:15:54+01:00,2018-04-30 17:47:22+01:00,2018-04-30 18:15:51+01:00
200,Running,18.75935433705648,min,2.428702975054504,km,216.91400000000002,kcal,@DivyeshBC Watch 2.0,4.3,2018-05-02 18:29:43+01:00,2018-05-02 18:00:18+01:00,2018-05-02 18:29:41+01:00
203,Running,21.44989850123723,min,2.652738458464155,km,235.14600000000007,kcal,@DivyeshBC Watch 2.0,4.3,2018-05-04 18:49:15+01:00,2018-05-04 18:16:51+01:00,2018-05-04 18:49:13+01:00
204,Running,26.18680955171585,min,2.815739523421507,km,257.0279999999999,kcal,@DivyeshBC Watch 2.0,4.3,2018-05-05 10:51:16+01:00,2018-05-05 10:11:45+01:00,2018-05-05 10:51:13+01:00
208,Running,17.021441620588302,min,2.080911110144807,km,185.4870000000003,kcal,@DivyeshBC Watch 2.0,4.3,2018-05-09 18:16:58+01:00,2018-05-09 17:51:41+01:00,2018-05-09 18:16:56+01:00
210,Running,30.53993959625562,min,3.631320002109743,km,369.13600000000014,kcal,@DivyeshBC Watch 2.0,4.3,2018-05-11 18:40:52+01:00,2018-05-11 17:59:54+01:00,2018-05-11 18:40:49+01:00
212,Running,35.288197366396595,min,3.8947739733750932,km,395.52499999999964,kcal,@DivyeshBC Watch 2.0,4.3,2018-05-13 09:05:56+01:00,2018-05-13 08:09:57+01:00,2018-05-13 09:05:53+01:00
214,Running,24.330754629770922,min,2.707248249322409,km,284.2359999999999,kcal,@DivyeshBC Watch 2.0,4.3,2018-05-14 17:32:38+01:00,2018-05-14 16:58:22+01:00,2018-05-14 17:32:35+01:00
216,Running,15.92774989803632,min,2.155467809022404,km,207.88600000000042,kcal,@DivyeshBC Watch 2.0,4.3,2018-05-16 18:39:41+01:00,2018-05-16 18:15:31+01:00,2018-05-16 18:39:39+01:00
218,Running,34.675113503138235,min,4.280725059529068,km,426.26499999999965,kcal,@DivyeshBC Watch 2.0,4.3,2018-05-19 09:28:02+01:00,2018-05-19 08:44:05+01:00,2018-05-19 09:27:59+01:00
220,Running,22.77213900089264,min,2.899428496160777,km,282.12000000000086,kcal,@DivyeshBC Watch 2.0,4.3,2018-05-20 18:33:51+01:00,2018-05-20 18:00:16+01:00,2018-05-20 18:33:48+01:00
221,Running,28.515673486391698,min,3.603557834943291,km,324.2500000000001,kcal,@DivyeshBC Watch 2.0,4.3,2018-05-21 18:21:28+01:00,2018-05-21 17:39:45+01:00,2018-05-21 18:21:25+01:00
223,Running,22.031820883353554,min,3.061480921988143,km,254.3790000000003,kcal,@DivyeshBC Watch 2.0,4.3,2018-05-23 18:42:57+01:00,2018-05-23 18:12:45+01:00,2018-05-23 18:42:53+01:00
225,Running,23.36607896884282,min,3.178400207722558,km,258.71499999999907,kcal,@DivyeshBC Watch 2.0,4.3,2018-05-25 18:16:23+01:00,2018-05-25 17:40:30+01:00,2018-05-25 18:16:21+01:00
226,Running,23.6961854159832,min,2.860471681960858,km,257.55300000000005,kcal,@DivyeshBC Watch 2.0,4.3,2018-05-26 11:19:28+01:00,2018-05-26 10:49:24+01:00,2018-05-26 11:19:23+01:00
227,Running,32.75686652859052,min,4.125420655565336,km,391.85700000000037,kcal,@DivyeshBC Watch 2.0,4.3,2018-05-27 19:01:43+01:00,2018-05-27 18:15:09+01:00,2018-05-27 19:01:40+01:00
229,Running,32.95213203430175,min,4.198283523222663,km,410.01700000000113,kcal,@DivyeshBC Watch 2.0,4.3,2018-05-29 18:56:30+01:00,2018-05-29 18:15:47+01:00,2018-05-29 18:56:27+01:00
230,Running,21.42395335038503,min,2.88852476201253,km,246.09099999999992,kcal,@DivyeshBC Watch 2.0,4.3,2018-05-30 18:05:23+01:00,2018-05-30 17:35:32+01:00,2018-05-30 18:05:20+01:00
232,Running,23.35646011432012,min,2.9108546776152218,km,274.54100000000005,kcal,@DivyeshBC Watch 2.0,4.3.1,2018-06-02 07:59:31+01:00,2018-06-02 07:28:47+01:00,2018-06-02 07:59:29+01:00
234,Running,21.688596751292554,min,2.350648655423894,km,224.0420000000002,kcal,@DivyeshBC Watch 2.0,4.3.1,2018-06-03 11:04:30+01:00,2018-06-03 10:34:12+01:00,2018-06-03 11:04:28+01:00
237,Running,23.69782790939013,min,2.982913951608585,km,275.80099999999993,kcal,@DivyeshBC Watch 2.0,4.3.1,2018-06-05 17:46:26+01:00,2018-06-05 17:15:05+01:00,2018-06-05 17:46:22+01:00
238,Running,19.36553549766541,min,2.0690134773503517,km,180.68799999999982,kcal,@DivyeshBC Watch 2.0,4.3.1,2018-06-06 18:28:57+01:00,2018-06-06 17:47:53+01:00,2018-06-06 18:28:54+01:00
240,Running,38.2182659804821,min,4.728950814790559,km,452.28199999999987,kcal,@DivyeshBC Watch 2.0,4.3.1,2018-06-09 10:57:55+01:00,2018-06-09 09:56:54+01:00,2018-06-09 10:57:51+01:00
242,Running,23.35495764811834,min,2.8371220068794214,km,252.6149999999998,kcal,@DivyeshBC Watch 2.0,4.3.1,2018-06-11 18:15:20+01:00,2018-06-11 17:37:53+01:00,2018-06-11 18:15:17+01:00
244,Running,20.61769921779632,min,2.70783441016404,km,231.6280000000004,kcal,@DivyeshBC Watch 2.0,4.3.1,2018-06-12 18:08:12+01:00,2018-06-12 17:36:41+01:00,2018-06-12 18:08:09+01:00
246,Running,24.25921836495399,min,2.915345941070234,km,260.578,kcal,@DivyeshBC Watch 2.0,4.3.1,2018-06-13 18:37:28+01:00,2018-06-13 18:06:41+01:00,2018-06-13 18:37:25+01:00
249,Running,31.63558298746745,min,3.564006559767295,km,324.3250000000008,kcal,@DivyeshBC Watch 2.0,4.3.1,2018-06-17 11:09:58+01:00,2018-06-17 10:23:39+01:00,2018-06-17 11:09:55+01:00
251,Running,21.91578750610352,min,2.70679354446684,km,254.2419999999995,kcal,@DivyeshBC Watch 2.0,4.3.1,2018-06-18 18:03:19+01:00,2018-06-18 17:32:12+01:00,2018-06-18 18:03:16+01:00
253,Running,19.586413645744322,min,2.513398753781105,km,231.0409999999999,kcal,@DivyeshBC Watch 2.0,4.3.1,2018-06-19 17:51:40+01:00,2018-06-19 17:26:09+01:00,2018-06-19 17:51:38+01:00
254,Running,19.43772462209066,min,2.525890120013151,km,212.923,kcal,@DivyeshBC Watch 2.0,4.3.1,2018-06-20 17:42:26+01:00,2018-06-20 17:11:13+01:00,2018-06-20 17:42:23+01:00
255,Running,25.1079979856809,min,2.9618681909393056,km,298.7849999999999,kcal,@DivyeshBC Watch 2.0,4.3.1,2018-06-21 18:08:27+01:00,2018-06-21 17:35:17+01:00,2018-06-21 18:08:24+01:00
257,Running,33.74231401085854,min,3.8900507165833837,km,365.33000000000067,kcal,@DivyeshBC Watch 2.0,4.3.1,2018-06-23 10:01:47+01:00,2018-06-23 09:14:04+01:00,2018-06-23 10:01:42+01:00
258,Running,25.986273968219763,min,3.6975344472569414,km,325.8389999999999,kcal,@DivyeshBC Watch 2.0,4.3.1,2018-06-25 17:38:14+01:00,2018-06-25 17:07:32+01:00,2018-06-25 17:38:11+01:00
260,Running,22.3087720811367,min,2.971003064021002,km,254.10999999999993,kcal,@DivyeshBC Watch 2.0,4.3.1,2018-06-27 17:36:38+01:00,2018-06-27 17:08:25+01:00,2018-06-27 17:36:35+01:00
263,Running,26.74432403246562,min,3.5739776649875568,km,310.6060000000003,kcal,@DivyeshBC Watch 2.0,4.3.1,2018-06-29 17:54:18+01:00,2018-06-29 17:18:24+01:00,2018-06-29 17:54:15+01:00
265,Running,0.02463493347167969,min,0.0,km,0.0,kcal,@DivyeshBC Watch 2.0,4.3.1,2018-06-30 13:51:36+01:00,2018-06-30 10:03:40+01:00,2018-06-30 10:03:42+01:00
266,Running,32.16387449900309,min,4.123883002617164,km,382.62300000000016,kcal,@DivyeshBC Watch 2.0,4.3.1,2018-07-01 17:19:27+01:00,2018-07-01 16:37:48+01:00,2018-07-01 17:19:23+01:00
268,Running,25.139258354902267,min,3.62939064086834,km,306.4520000000005,kcal,@DivyeshBC Watch 2.0,4.3.1,2018-07-04 17:46:57+01:00,2018-07-04 17:17:01+01:00,2018-07-04 17:46:55+01:00
274,Running,33.9875147819519,min,4.159732112280792,km,368.55399999999963,kcal,@DivyeshBC Watch 2.0,4.3.1,2018-07-09 18:15:14+01:00,2018-07-09 17:28:48+01:00,2018-07-09 18:15:11+01:00
276,Running,27.27029711405436,min,3.673731974941213,km,317.2299999999996,kcal,@DivyeshBC Watch 2.0,4.3.1,2018-07-10 17:56:53+01:00,2018-07-10 17:26:11+01:00,2018-07-10 17:56:51+01:00
278,Running,25.53817946513494,min,3.119441527247894,km,275.5310000000002,kcal,@DivyeshBC Watch 2.0,4.3.1,2018-07-11 18:03:04+01:00,2018-07-11 17:28:37+01:00,2018-07-11 18:03:01+01:00
281,Running,51.90207926432291,min,6.591078144719359,km,617.5030000000007,kcal,@DivyeshBC Watch 2.0,4.3.1,2018-07-13 19:18:10+01:00,2018-07-13 18:15:30+01:00,2018-07-13 19:18:07+01:00
284,Running,19.48174935380618,min,2.6958669374820308,km,232.5439999999998,kcal,@DivyeshBC Watch 2.0,4.3.1,2018-07-16 20:23:52+01:00,2018-07-16 19:59:26+01:00,2018-07-16 20:23:49+01:00
286,Running,26.85837801098824,min,3.5284543176100116,km,317.1340000000013,kcal,@DivyeshBC Watch 2.0,4.3.1,2018-07-18 18:33:39+01:00,2018-07-18 18:00:13+01:00,2018-07-18 18:33:36+01:00
287,Running,38.70997628370921,min,4.838715073757805,km,479.0150000000011,kcal,@DivyeshBC Watch 2.0,4.3.2,2018-07-21 11:17:11+01:00,2018-07-21 10:30:59+01:00,2018-07-21 11:17:09+01:00
289,Running,28.196677116552987,min,3.706930315711768,km,306.9500000000002,kcal,@DivyeshBC Watch 2.0,4.3.2,2018-07-24 17:58:13+01:00,2018-07-24 17:22:30+01:00,2018-07-24 17:58:11+01:00
292,Running,37.67087367971738,min,4.914533731392583,km,442.21099999999984,kcal,@DivyeshBC Watch 2.0,4.3.2,2018-07-28 13:01:13+01:00,2018-07-28 12:10:48+01:00,2018-07-28 13:01:11+01:00
294,Running,26.481148878733322,min,3.401724211082794,km,285.7150000000006,kcal,@DivyeshBC Watch 2.0,4.3.2,2018-07-30 18:57:37+01:00,2018-07-30 18:24:21+01:00,2018-07-30 18:57:34+01:00
297,Running,24.75815316637357,min,3.32914409760409,km,294.7360000000002,kcal,@DivyeshBC Watch 2.0,4.3.2,2018-08-04 17:10:15+01:00,2018-08-04 08:16:10+01:00,2018-08-04 08:40:56+01:00
298,Running,26.27002947926521,min,3.5046076847461514,km,311.365,kcal,@DivyeshBC Watch 2.0,4.3.2,2018-08-06 18:32:48+01:00,2018-08-06 17:59:44+01:00,2018-08-06 18:32:45+01:00
302,Running,45.54860716660817,min,6.13181558642257,km,471.0560000000004,kcal,@DivyeshBC Watch 2.0,4.3.2,2018-08-09 18:26:11+01:00,2018-08-09 17:31:53+01:00,2018-08-09 18:26:09+01:00
304,Running,30.54468083580335,min,4.108208023593063,km,350.89799999999815,kcal,@DivyeshBC Watch 2.0,4.3.2,2018-08-11 18:53:34+01:00,2018-08-11 18:17:16+01:00,2018-08-11 18:53:32+01:00
306,Running,26.983154104153307,min,3.502776462744456,km,281.1690000000002,kcal,@DivyeshBC Watch 2.0,4.3.2,2018-08-14 17:44:00+01:00,2018-08-14 17:07:10+01:00,2018-08-14 17:43:58+01:00
307,Running,26.157264260451,min,3.1682725355015133,km,281.3800000000003,kcal,@DivyeshBC Watch 2.0,4.3.2,2018-08-16 17:55:42+01:00,2018-08-16 17:25:29+01:00,2018-08-16 17:55:39+01:00
309,Running,40.973782505591714,min,5.190067231218796,km,465.1709999999978,kcal,@DivyeshBC Watch 2.0,4.3.2,2018-08-19 09:49:20+01:00,2018-08-19 08:55:06+01:00,2018-08-19 09:49:17+01:00
310,Running,32.236497594912855,min,4.0146924805692406,km,383.65900000000016,kcal,@DivyeshBC Watch 2.0,4.3.2,2018-08-21 18:24:33+01:00,2018-08-21 17:42:49+01:00,2018-08-21 18:24:31+01:00
312,Running,34.12836298743884,min,4.7370114641878756,km,409.6279999999981,kcal,@DivyeshBC Watch 2.0,4.3.2,2018-08-24 18:38:10+01:00,2018-08-24 17:50:18+01:00,2018-08-24 18:38:08+01:00
314,Running,38.22589686910312,min,4.9814709256901395,km,462.81700000000137,kcal,@DivyeshBC Watch 2.0,4.3.2,2018-08-26 08:14:17+01:00,2018-08-26 07:27:59+01:00,2018-08-26 08:14:13+01:00
316,Running,32.07621765534083,min,4.181190028606913,km,358.2699999999992,kcal,@DivyeshBC Watch 2.0,4.3.2,2018-08-28 18:56:55+01:00,2018-08-28 18:16:24+01:00,2018-08-28 18:56:52+01:00
318,Running,16.9322839419047,min,2.33560934442468,km,192.58199999999994,kcal,@DivyeshBC Watch 2.0,4.3.2,2018-08-30 19:10:25+01:00,2018-08-30 18:44:25+01:00,2018-08-30 19:10:23+01:00
319,Running,24.423040737708412,min,3.3674570302260114,km,271.2519999999998,kcal,@DivyeshBC Watch 2.0,4.3.2,2018-08-31 19:54:29+01:00,2018-08-31 19:23:04+01:00,2018-08-31 19:54:27+01:00
321,Running,23.29962221384049,min,3.2215128360949463,km,242.18700000000018,kcal,@DivyeshBC Watch 2.0,4.3.2,2018-09-03 19:13:57+01:00,2018-09-03 18:47:04+01:00,2018-09-03 19:13:55+01:00
323,Running,38.54563332994779,min,5.261717323199846,km,449.11300000000114,kcal,@DivyeshBC Watch 2.0,4.3.2,2018-09-05 19:26:36+01:00,2018-09-05 18:41:14+01:00,2018-09-05 19:26:32+01:00
325,Running,42.85535310904185,min,5.7078619343223975,km,515.2170000000009,kcal,@DivyeshBC Watch 2.0,4.3.2,2018-09-08 11:07:22+01:00,2018-09-08 10:12:36+01:00,2018-09-08 11:07:19+01:00
326,Running,23.260684831937162,min,3.313882589339279,km,279.19599999999997,kcal,@DivyeshBC Watch 2.0,4.3.2,2018-09-10 18:59:32+01:00,2018-09-10 18:32:12+01:00,2018-09-10 18:59:30+01:00
327,Running,21.007868915796283,min,3.013335726986639,km,259.5839999999995,kcal,@DivyeshBC Watch 2.0,4.3.2,2018-09-12 19:48:58+01:00,2018-09-12 19:22:29+01:00,2018-09-12 19:48:56+01:00
328,Running,28.09343781471252,min,4.128898053895217,km,341.84300000000036,kcal,@DivyeshBC Watch 2.0,4.3.2,2018-09-14 06:02:28+01:00,2018-09-14 05:32:03+01:00,2018-09-14 06:02:25+01:00
330,Running,29.474017018079763,min,3.625016347323544,km,313.60000000000014,kcal,@DivyeshBC Watch 2.0,4.3.2,2018-09-17 17:40:30+01:00,2018-09-17 17:08:23+01:00,2018-09-17 17:40:28+01:00
332,Running,28.82918989857038,min,4.250674949622248,km,360.33100000000036,kcal,@DivyeshBC Watch 2.0,4.3.2,2018-09-20 18:36:34+01:00,2018-09-20 18:06:15+01:00,2018-09-20 18:36:32+01:00
334,Running,41.20339919726054,min,5.216186738891062,km,447.3560000000003,kcal,@DivyeshBC Watch 2.0,4.3.2,2018-09-22 11:05:07+01:00,2018-09-22 10:05:39+01:00,2018-09-22 11:05:04+01:00
336,Running,42.40777699947357,min,5.9236429653158424,km,507.5419999999992,kcal,@DivyeshBC Watch 2.0,4.3.2,2018-09-25 17:40:04+01:00,2018-09-25 16:54:19+01:00,2018-09-25 17:40:01+01:00
338,Running,31.756127651532488,min,3.866021216142923,km,347.28400000000016,kcal,@DivyeshBC Watch 2.0,4.3.2,2018-09-28 19:01:47+01:00,2018-09-28 18:23:06+01:00,2018-09-28 19:01:42+01:00
340,Running,31.906489815314607,min,4.691693250174634,km,378.08000000000055,kcal,@DivyeshBC Watch 2.0,4.3.2,2018-09-29 18:58:35+01:00,2018-09-29 18:25:48+01:00,2018-09-29 18:58:32+01:00
341,Running,20.14533564845721,min,2.942166616259609,km,245.7749999999998,kcal,@DivyeshBC Watch 2.0,4.3.2,2018-10-02 19:10:07+01:00,2018-10-02 18:48:19+01:00,2018-10-02 19:10:04+01:00
348,Running,20.11780079603195,min,2.9344554772162814,km,248.8730000000002,kcal,@DivyeshBC Watch 2.0,4.3.2,2018-10-18 18:14:52+01:00,2018-10-18 17:49:04+01:00,2018-10-18 18:14:50+01:00
351,Running,18.975237180789307,min,2.128739777597031,km,184.5272560601355,kcal,@DivyeshBC Watch 2.0,5.0.1,2018-10-24 22:26:33+01:00,2018-10-24 22:07:04+01:00,2018-10-24 22:26:25+01:00
353,Running,21.0595561504364,min,3.1523718528573617,km,258.4409786016092,kcal,@DivyeshBC Watch 2.0,5.0.1,2018-10-26 19:54:37+01:00,2018-10-26 19:32:36+01:00,2018-10-26 19:54:25+01:00
354,Running,31.805613754192986,min,4.246435438789052,km,372.43903035144234,kcal,@DivyeshBC Watch 2.0,5.0.1,2018-10-29 18:54:12+01:00,2018-10-29 18:18:55+01:00,2018-10-29 18:53:52+01:00
359,Running,28.1055783867836,min,3.764907728814473,km,320.6124983192785,kcal,@DivyeshBC Watch 2.0,5.0.1,2018-11-08 12:51:20+01:00,2018-11-08 12:18:13+01:00,2018-11-08 12:51:02+01:00
361,Running,19.81179625193278,min,2.9545335706963836,km,237.2421756912907,kcal,@DivyeshBC Watch 2.0,5.0.1,2018-11-12 20:35:54+01:00,2018-11-12 20:12:47+01:00,2018-11-12 20:35:41+01:00
363,Running,22.230710250139236,min,2.833863913194611,km,256.183202510061,kcal,@DivyeshBC Watch 2.0,5.0.1,2018-11-15 18:58:23+01:00,2018-11-15 18:32:17+01:00,2018-11-15 18:58:09+01:00
364,Running,17.03664835691452,min,2.29368865704227,km,192.3784161605957,kcal,@DivyeshBC Watch 2.0,5.0.1,2018-11-23 19:53:54+01:00,2018-11-23 19:32:42+01:00,2018-11-23 19:53:43+01:00
365,Running,20.609450290600464,min,2.709078107920096,km,247.05227095351532,kcal,@DivyeshBC Watch 2.0,5.0.1,2018-11-26 21:00:02+01:00,2018-11-26 20:37:58+01:00,2018-11-26 20:59:50+01:00
368,Running,22.97639120817184,min,2.8682433361195536,km,261.4852404598863,kcal,@DivyeshBC Watch 2.0,5.1.1,2018-12-09 20:16:26+01:00,2018-12-09 19:49:59+01:00,2018-12-09 20:16:13+01:00
370,Running,24.107185117403674,min,2.877109537003021,km,243.6520764122961,kcal,@DivyeshBC Watch 2.0,5.1.1,2018-12-15 22:53:14+01:00,2018-12-15 22:27:12+01:00,2018-12-15 22:53:01+01:00
372,Running,21.11350359916687,min,3.104020865590881,km,249.31912137560818,kcal,Divyesh B’s Apple Watch,5.1.2,2018-12-24 13:54:36+01:00,2018-12-24 13:33:12+01:00,2018-12-24 13:54:19+01:00
375,Running,31.131799368063607,min,4.054094589767773,km,332.56465752268815,kcal,Divyesh B’s Apple Watch,5.1.2,2018-12-28 13:54:03+01:00,2018-12-28 13:22:41+01:00,2018-12-28 13:53:49+01:00
376,Running,25.10132998426755,min,3.4616170727774884,km,283.6286173426787,kcal,Divyesh B’s Apple Watch,5.1.2,2019-01-02 14:11:23+01:00,2019-01-02 13:45:59+01:00,2019-01-02 14:11:05+01:00
380,Running,31.84415191610654,min,5.042779985547619,km,406.03930775586434,kcal,Divyesh B’s Apple Watch,5.1.2,2019-01-07 20:25:10+01:00,2019-01-07 19:53:09+01:00,2019-01-07 20:25:00+01:00
382,Running,18.383413062493013,min,3.0375866931202435,km,249.1519977615854,kcal,Divyesh B’s Apple Watch,5.1.2,2019-01-10 20:21:34+01:00,2019-01-10 20:03:04+01:00,2019-01-10 20:21:27+01:00
387,Running,25.55436023275058,min,2.519750167765305,km,220.3210000000008,kcal,Divyesh B’s Apple Watch,5.1.2,2019-01-17 22:05:01+01:00,2019-01-17 21:39:13+01:00,2019-01-17 22:04:46+01:00
389,Running,42.264862533410394,min,4.337459296665478,km,373.48514938800565,kcal,Divyesh B’s Apple Watch,5.1.2,2019-01-19 20:00:00+01:00,2019-01-19 19:10:15+01:00,2019-01-19 19:59:40+01:00
392,Running,24.27023720145225,min,2.715664924868431,km,221.5653943471228,kcal,Divyesh B’s Apple Watch,5.1.2,2019-01-22 18:30:22+01:00,2019-01-22 18:01:15+01:00,2019-01-22 18:30:07+01:00
393,Running,35.79483504891395,min,5.020677681384608,km,413.3869999999995,kcal,Divyesh B’s Apple Watch,5.1.2,2019-01-23 19:14:30+01:00,2019-01-23 18:38:29+01:00,2019-01-23 19:14:17+01:00
397,Running,30.846643932660424,min,4.485508191404515,km,366.9026326445334,kcal,Divyesh B’s Apple Watch,5.1.3,2019-01-29 18:54:56+01:00,2019-01-29 18:23:52+01:00,2019-01-29 18:54:43+01:00
400,Running,21.38606626590093,min,2.761156695690181,km,243.06989615465167,kcal,Divyesh B’s Apple Watch,5.1.3,2019-01-31 19:32:48+01:00,2019-01-31 19:11:14+01:00,2019-01-31 19:32:37+01:00
404,Running,13.0135423998038,min,1.706247197532532,km,142.03487378583338,kcal,Divyesh B’s Apple Watch,5.1.3,2019-02-05 19:46:22+01:00,2019-02-05 19:33:08+01:00,2019-02-05 19:46:09+01:00
406,Running,40.01057494878769,min,3.370901012182119,km,303.826925596193,kcal,Divyesh B’s Apple Watch,5.1.3,2019-02-09 11:30:42+01:00,2019-02-09 10:50:22+01:00,2019-02-09 11:30:24+01:00
408,Running,16.10078296661377,min,1.7347072443126001,km,154.4644272567803,kcal,Divyesh B’s Apple Watch,5.1.3,2019-02-11 19:06:10+01:00,2019-02-11 18:49:58+01:00,2019-02-11 19:06:04+01:00
409,Running,27.69884580175082,min,3.049065083632944,km,270.361000000001,kcal,Divyesh B’s Apple Watch,5.1.3,2019-02-12 20:42:34+01:00,2019-02-12 20:14:36+01:00,2019-02-12 20:42:18+01:00
415,Running,50.03397321502368,min,6.703032176637614,km,577.8319522540228,kcal,Divyesh B’s Apple Watch,5.1.3,2019-02-24 17:50:43+01:00,2019-02-24 17:00:10+01:00,2019-02-24 17:50:12+01:00
418,Running,18.985879482825602,min,2.32051988866285,km,205.7273447983852,kcal,Divyesh B’s Apple Watch,5.1.3,2019-03-04 19:09:36+01:00,2019-03-04 18:50:25+01:00,2019-03-04 19:09:25+01:00
421,Running,19.703651215632764,min,1.8915681829952142,km,175.3880590660304,kcal,Divyesh B’s Apple Watch,5.1.3,2019-03-07 19:06:52+01:00,2019-03-07 18:47:00+01:00,2019-03-07 19:06:42+01:00
423,Running,31.888127301136645,min,3.944443889785733,km,349.76100000000054,kcal,Divyesh B’s Apple Watch,5.1.3,2019-03-12 18:11:07+01:00,2019-03-12 17:39:03+01:00,2019-03-12 18:10:56+01:00
427,Running,9.691291034221647,min,1.242156799584162,km,110.81303733065691,kcal,Divyesh B’s Apple Watch,5.1.3,2019-03-16 13:48:39+01:00,2019-03-16 13:38:53+01:00,2019-03-16 13:48:35+01:00
432,Running,20.550377549727763,min,1.766285485420376,km,174.73297824927934,kcal,Divyesh B’s Apple Watch,5.1.3,2019-03-23 19:43:50+01:00,2019-03-23 19:23:10+01:00,2019-03-23 19:43:43+01:00
435,Running,16.82309863169988,min,1.9815723966069052,km,173.5202443160181,kcal,Divyesh B’s Apple Watch,5.1.3,2019-03-27 18:55:47+01:00,2019-03-27 18:38:48+01:00,2019-03-27 18:55:37+01:00
437,Running,48.25735290050507,min,6.392354886260931,km,557.5622554718163,kcal,Divyesh B’s Apple Watch,5.1.3,2019-03-29 18:49:57+01:00,2019-03-29 18:01:05+01:00,2019-03-29 18:49:20+01:00
439,Running,32.719055233399075,min,3.114180907163794,km,288.18709768696,kcal,Divyesh B’s Apple Watch,5.1.3,2019-03-31 11:21:59+01:00,2019-03-31 10:48:55+01:00,2019-03-31 11:21:38+01:00
443,Running,42.107553249597544,min,4.9183271919603,km,419.21099999999984,kcal,Divyesh B’s Apple Watch,5.1.3,2019-04-04 19:47:22+01:00,2019-04-04 16:59:33+01:00,2019-04-04 17:41:40+01:00
445,Running,10.025473767519,min,1.394041955653243,km,126.4632197529068,kcal,Divyesh B’s Apple Watch,5.1.3,2019-04-07 12:29:14+01:00,2019-04-07 12:19:07+01:00,2019-04-07 12:29:08+01:00
446,Running,32.577735100189855,min,4.045580894151587,km,374.1333758298325,kcal,Divyesh B’s Apple Watch,5.2,2019-04-09 17:56:33+01:00,2019-04-09 17:23:46+01:00,2019-04-09 17:56:20+01:00
448,Running,32.157642734050754,min,4.616463876001304,km,389.073030599886,kcal,Divyesh B’s Apple Watch,5.2,2019-04-10 17:40:11+01:00,2019-04-10 17:07:40+01:00,2019-04-10 17:39:50+01:00
450,Running,36.78427941799164,min,5.3487294949512005,km,439.02028922251327,kcal,Divyesh B’s Apple Watch,5.2,2019-04-13 09:51:43+01:00,2019-04-13 09:14:29+01:00,2019-04-13 09:51:16+01:00
452,Running,31.83529215057691,min,3.779712857059669,km,338.5692029313753,kcal,Divyesh B’s Apple Watch,5.2,2019-04-14 12:58:20+01:00,2019-04-14 12:26:13+01:00,2019-04-14 12:58:03+01:00
453,Running,21.04753200014432,min,3.3634973819875165,km,268.1453816234749,kcal,Divyesh B’s Apple Watch,5.2,2019-04-16 17:31:44+01:00,2019-04-16 17:10:19+01:00,2019-04-16 17:31:22+01:00
456,Running,11.43211268385251,min,1.8319903957458448,km,147.578218469383,kcal,Divyesh B’s Apple Watch,5.2,2019-04-18 17:22:30+01:00,2019-04-18 17:10:55+01:00,2019-04-18 17:22:20+01:00
458,Running,20.27248034874598,min,2.6181666922194418,km,219.68033212316982,kcal,Divyesh B’s Apple Watch,5.2,2019-04-22 13:57:15+01:00,2019-04-22 13:36:41+01:00,2019-04-22 13:56:57+01:00
461,Running,29.523456283410393,min,4.454656180129037,km,377.4375458898841,kcal,Divyesh B’s Apple Watch,5.2,2019-04-25 16:45:07+01:00,2019-04-25 16:15:20+01:00,2019-04-25 16:44:51+01:00
463,Running,46.447674049933745,min,6.271833174748696,km,551.2554044964719,kcal,Divyesh B’s Apple Watch,5.2,2019-04-26 17:52:59+01:00,2019-04-26 17:06:05+01:00,2019-04-26 17:52:31+01:00
466,Running,18.53809566696485,min,2.629470196076608,km,217.0830351820114,kcal,Divyesh B’s Apple Watch,5.2,2019-04-29 17:34:41+01:00,2019-04-29 17:14:07+01:00,2019-04-29 17:34:29+01:00
469,Running,22.47977668245634,min,2.821193397729351,km,230.90442307783212,kcal,Divyesh B’s Apple Watch,5.2,2019-05-02 17:24:19+01:00,2019-05-02 17:01:02+01:00,2019-05-02 17:24:04+01:00
473,Running,31.75227539936702,min,3.242222166858148,km,287.3021231111323,kcal,Divyesh B’s Apple Watch,5.2,2019-05-06 18:29:02+01:00,2019-05-06 17:57:01+01:00,2019-05-06 18:28:46+01:00
474,Running,18.48757781585057,min,2.558382272755145,km,218.1940587370708,kcal,Divyesh B’s Apple Watch,5.2,2019-05-07 17:31:06+01:00,2019-05-07 17:12:21+01:00,2019-05-07 17:30:50+01:00
476,Running,50.02956478397051,min,6.710317689527758,km,573.1293889276134,kcal,Divyesh B’s Apple Watch,5.2,2019-05-09 17:51:08+01:00,2019-05-09 17:00:45+01:00,2019-05-09 17:50:47+01:00
477,Running,20.14820419947306,min,2.784641488237306,km,234.7293227284591,kcal,Divyesh B’s Apple Watch,5.2,2019-05-12 11:52:01+01:00,2019-05-12 11:31:40+01:00,2019-05-12 11:51:49+01:00
480,Running,20.61032331784566,min,2.7355708922813653,km,226.27812258321097,kcal,Divyesh B’s Apple Watch,5.2.1,2019-05-15 17:30:24+01:00,2019-05-15 17:09:37+01:00,2019-05-15 17:30:14+01:00
482,Running,19.19967220028241,min,2.655250480480027,km,232.8314035373146,kcal,Divyesh B’s Apple Watch,5.2.1,2019-05-16 17:38:35+01:00,2019-05-16 17:19:09+01:00,2019-05-16 17:38:21+01:00
484,Running,29.53591861724853,min,3.9484657939622414,km,334.5331048184035,kcal,Divyesh B’s Apple Watch,5.2.1,2019-05-18 11:09:19+01:00,2019-05-18 10:39:18+01:00,2019-05-18 11:08:50+01:00
486,Running,13.3935056467851,min,1.8671953438781517,km,144.7741237744789,kcal,Divyesh B’s Apple Watch,5.2.1,2019-05-20 17:25:20+01:00,2019-05-20 17:08:52+01:00,2019-05-20 17:25:10+01:00
488,Running,32.30027433435122,min,4.383960777106811,km,377.09284237052816,kcal,Divyesh B’s Apple Watch,5.2.1,2019-05-21 16:08:37+01:00,2019-05-21 15:36:07+01:00,2019-05-21 16:08:25+01:00
491,Running,22.03390241662661,min,2.6556656894347404,km,217.2893879295902,kcal,Divyesh B’s Apple Watch,5.2.1,2019-05-23 17:46:20+01:00,2019-05-23 17:24:07+01:00,2019-05-23 17:46:09+01:00
493,Running,29.987707533439004,min,4.336502689027228,km,358.061,kcal,Divyesh B’s Apple Watch,5.2.1,2019-05-25 10:25:09+01:00,2019-05-25 09:54:53+01:00,2019-05-25 10:24:52+01:00
495,Running,44.108830382426575,min,6.645522081123666,km,564.8914601445928,kcal,Divyesh B’s Apple Watch,5.2.1,2019-05-29 19:14:10+01:00,2019-05-29 18:29:30+01:00,2019-05-29 19:13:37+01:00
500,Running,30.096206299463912,min,4.252805819948786,km,347.18503788793447,kcal,Divyesh B’s Apple Watch,5.2.1,2019-06-04 17:52:48+01:00,2019-06-04 17:22:30+01:00,2019-06-04 17:52:35+01:00
502,Running,45.56886291503906,min,6.153722079345491,km,529.9994295626735,kcal,Divyesh B’s Apple Watch,5.2.1,2019-06-08 11:59:49+01:00,2019-06-08 11:13:54+01:00,2019-06-08 11:59:28+01:00
503,Running,30.05765643715858,min,4.221868680737214,km,356.40624212733917,kcal,Divyesh B’s Apple Watch,5.2.1,2019-06-10 20:42:47+01:00,2019-06-10 17:35:23+01:00,2019-06-10 18:05:26+01:00
504,Running,20.5109390159448,min,2.435343672541901,km,183.32311462830188,kcal,Divyesh B’s Apple Watch,5.2.1,2019-06-12 17:29:28+01:00,2019-06-12 17:08:46+01:00,2019-06-12 17:29:16+01:00
514,Running,28.04891664981842,min,4.215260667032562,km,338.6286557339486,kcal,Divyesh B’s Apple Watch,5.2.1,2019-06-18 17:55:43+01:00,2019-06-18 17:27:22+01:00,2019-06-18 17:55:25+01:00
521,Running,30.29404016733169,min,3.7446749877143346,km,305.9507654930776,kcal,Divyesh B’s Apple Watch,5.2.1,2019-06-24 17:45:45+01:00,2019-06-24 17:15:09+01:00,2019-06-24 17:45:27+01:00
530,Running,32.33999883333842,min,5.07944809330604,km,411.30363504308883,kcal,Divyesh B’s Apple Watch,5.2.1,2019-06-30 18:57:19+01:00,2019-06-30 18:24:30+01:00,2019-06-30 18:56:50+01:00
537,Running,5.583333333333332,min,0.7473262452480001,km,59.0,kcal,MapMyFitness,19110100,2019-07-02 17:01:50+01:00,2019-07-02 16:56:06+01:00,2019-07-02 17:01:41+01:00
538,Running,6.985118834177652,min,0.7853381783463992,km,60.95399999999999,kcal,Divyesh B’s Apple Watch,5.2.1,2019-07-02 17:02:52+01:00,2019-07-02 16:55:46+01:00,2019-07-02 17:02:45+01:00
542,Running,40.56666666666667,min,5.60515203072,km,460.0,kcal,MapMyFitness,19110100,2019-07-04 18:10:42+01:00,2019-07-04 17:29:55+01:00,2019-07-04 18:10:29+01:00
543,Running,42.33795225024223,min,5.380308312869811,km,444.9228391869165,kcal,Divyesh B’s Apple Watch,5.2.1,2019-07-04 18:12:03+01:00,2019-07-04 17:29:28+01:00,2019-07-04 18:11:48+01:00
544,Running,27.26666666666667,min,3.52742455296,km,276.0,kcal,MapMyFitness,19110100,2019-07-05 09:28:13+01:00,2019-07-05 09:00:51+01:00,2019-07-05 09:28:07+01:00
545,Running,28.99373910029729,min,3.4797162294641604,km,274.0016732986302,kcal,Divyesh B’s Apple Watch,5.2.1,2019-07-05 09:29:20+01:00,2019-07-05 09:00:02+01:00,2019-07-05 09:29:01+01:00
554,Running,4.69775194923083,min,0.6302891089126933,km,55.92323717776664,kcal,Divyesh B’s Apple Watch,5.2.1,2019-07-08 17:14:07+01:00,2019-07-08 17:09:17+01:00,2019-07-08 17:13:59+01:00
555,Running,1.427440651257833,min,0.07030652618408204,km,0.5110000406123029,kcal,MapMyFitness,19110100,2019-07-08 17:16:05+01:00,2019-07-08 17:14:36+01:00,2019-07-08 17:16:04+01:00
556,Running,40.023062952359524,min,4.22133349609375,km,347.6370399139579,kcal,MapMyFitness,19110100,2019-07-08 17:57:03+01:00,2019-07-08 17:16:56+01:00,2019-07-08 17:56:59+01:00
557,Running,47.459025200208025,min,5.528933071537875,km,457.4357753771931,kcal,Divyesh B’s Apple Watch,5.2.1,2019-07-08 18:03:18+01:00,2019-07-08 17:15:33+01:00,2019-07-08 18:03:00+01:00
565,Running,41.02046248515447,min,5.5335244140625,km,341.9457755736138,kcal,MapMyFitness,19110100,2019-07-12 17:54:31+01:00,2019-07-12 17:13:25+01:00,2019-07-12 17:54:28+01:00
566,Running,42.407245031992595,min,5.27038431177265,km,435.7308664235192,kcal,Divyesh B’s Apple Watch,5.2.1,2019-07-12 17:55:42+01:00,2019-07-12 17:13:00+01:00,2019-07-12 17:55:24+01:00
573,Running,41.305108467737824,min,5.501596835521191,km,479.0429530765853,kcal,Divyesh B’s Apple Watch,5.2.1,2019-07-16 12:21:30+01:00,2019-07-16 11:39:46+01:00,2019-07-16 12:21:05+01:00
574,Running,40.93333333333333,min,5.831892506880001,km,478.0,kcal,MapMyFitness,19110100,2019-07-16 12:22:00+01:00,2019-07-16 11:40:36+01:00,2019-07-16 12:21:32+01:00
581,Running,10.77443438371023,min,1.5281286397143268,km,129.1347514075433,kcal,Divyesh B’s Apple Watch,5.2.1,2019-07-17 17:47:46+01:00,2019-07-17 17:36:52+01:00,2019-07-17 17:47:39+01:00
582,Running,10.71666666666667,min,1.314634489344,km,99.0,kcal,MapMyFitness,19130000,2019-07-17 17:48:33+01:00,2019-07-17 17:37:46+01:00,2019-07-17 17:48:29+01:00
588,Running,30.00159118374189,min,3.8386861026789987,km,358.4285065293287,kcal,Divyesh B’s Apple Watch,5.2.1,2019-07-18 17:39:23+01:00,2019-07-18 17:09:07+01:00,2019-07-18 17:39:07+01:00
589,Running,30.1,min,2.37478019328,km,133.0,kcal,MapMyFitness,19130000,2019-07-18 17:39:39+01:00,2019-07-18 17:09:26+01:00,2019-07-18 17:39:32+01:00
600,Running,25.088485934336983,min,2.775554049480474,km,242.2602256263176,kcal,Divyesh B’s Apple Watch,5.3,2019-07-23 17:28:12+01:00,2019-07-23 17:02:47+01:00,2019-07-23 17:27:55+01:00
606,Running,32.07402283350627,min,4.090658447265625,km,239.6269269837476,kcal,MapMyFitness,19130000,2019-07-24 17:37:33+01:00,2019-07-24 17:05:24+01:00,2019-07-24 17:37:29+01:00
607,Running,35.630219099919,min,3.746900623933645,km,317.7113092733778,kcal,Divyesh B’s Apple Watch,5.3,2019-07-24 17:39:38+01:00,2019-07-24 17:03:25+01:00,2019-07-24 17:39:02+01:00
630,Running,22.43544606566429,min,1.9874118990631768,km,195.4877922826255,kcal,Divyesh B’s Apple Watch,5.3,2019-07-28 08:36:51+01:00,2019-07-28 08:14:09+01:00,2019-07-28 08:36:35+01:00
631,Running,22.43333333333333,min,0.0,km,223.0,kcal,MapMyFitness,19130000,2019-07-28 09:29:26+01:00,2019-07-28 09:28:48+01:00,2019-07-28 09:51:14+01:00
640,Running,41.88617388407389,min,5.097379406322028,km,455.4236952225918,kcal,Divyesh B’s Apple Watch,5.3,2019-07-31 16:25:11+01:00,2019-07-31 15:42:53+01:00,2019-07-31 16:24:46+01:00
641,Running,41.88333333333333,min,0.0,km,455.0,kcal,MapMyFitness,19140000,2019-07-31 17:22:19+01:00,2019-07-31 17:21:24+01:00,2019-07-31 18:03:17+01:00
653,Running,31.83043083349864,min,3.247488001447404,km,334.35400000000067,kcal,Divyesh B’s Apple Watch,5.3,2019-08-03 13:24:04+01:00,2019-08-03 12:51:58+01:00,2019-08-03 13:23:48+01:00
654,Running,31.0,min,0.0,km,333.0,kcal,MapMyFitness,19140000,2019-08-03 14:17:12+01:00,2019-08-03 14:16:50+01:00,2019-08-03 14:47:50+01:00
696,Running,20.346673850218448,min,2.557948566498002,km,209.32095489527458,kcal,Divyesh B’s Apple Watch,5.3,2019-08-12 17:42:43+01:00,2019-08-12 17:16:53+01:00,2019-08-12 17:42:30+01:00
697,Running,20.0,min,0.0,km,209.0,kcal,MapMyFitness,19150000,2019-08-12 17:42:30+01:00,2019-08-12 17:42:09+01:00,2019-08-12 18:02:09+01:00
718,Running,32.746743784348176,min,3.214316165697761,km,296.4363647216923,kcal,Divyesh B’s Apple Watch,5.3,2019-08-16 18:59:04+01:00,2019-08-16 18:25:33+01:00,2019-08-16 18:58:33+01:00
719,Running,32.73333333333333,min,0.0,km,296.0,kcal,MapMyFitness,19150000,2019-08-16 19:23:46+01:00,2019-08-16 19:23:21+01:00,2019-08-16 19:56:05+01:00
722,Running,33.36772964994113,min,2.8051671037848567,km,278.7926526247923,kcal,Divyesh B’s Apple Watch,5.3,2019-08-18 21:20:48+01:00,2019-08-18 20:46:59+01:00,2019-08-18 21:20:21+01:00
742,Running,15.76209818323453,min,1.256515514645725,km,70.54500000000002,kcal,Divyesh B’s Apple Watch,5.3,2019-08-22 17:50:09+01:00,2019-08-22 17:33:37+01:00,2019-08-22 17:49:22+01:00
744,Running,15.0,min,0.0,km,173.0,kcal,MapMyFitness,19160000,2019-08-22 18:28:08+01:00,2019-08-22 18:27:55+01:00,2019-08-22 18:42:55+01:00
749,Running,33.39714082280795,min,4.472824469064906,km,379.8189672756405,kcal,DivyeshBC’s Apple Watch,5.3,2019-08-23 18:01:06+01:00,2019-08-23 17:27:06+01:00,2019-08-23 18:00:52+01:00
754,Running,41.08333333333334,min,0.0,km,435.0,kcal,MapMyFitness,19160000,2019-08-23 18:01:27+01:00,2019-08-23 18:01:03+01:00,2019-08-23 18:42:08+01:00
785,Running,48.17888643145561,min,2.8065235859342064,km,151.1745107311501,kcal,DivyeshBC’s Apple Watch,5.3.1,2019-09-03 21:00:26+01:00,2019-09-03 20:00:23+01:00,2019-09-03 20:59:59+01:00
798,Running,23.79916453162829,min,3.233083430288136,km,290.5219635695468,kcal,DivyeshBC’s Apple Watch,5.3.1,2019-09-17 17:33:01+01:00,2019-09-17 17:07:43+01:00,2019-09-17 17:32:51+01:00
800,Running,23.78333333333333,min,0.0,km,290.0,kcal,MapMyFitness,19170000,2019-09-17 17:33:49+01:00,2019-09-17 17:33:30+01:00,2019-09-17 17:57:17+01:00
806,Running,9.961684713761011,min,1.6066787957338091,km,127.36026722111679,kcal,DivyeshBC’s Apple Watch,5.3.1,2019-09-21 15:35:34+01:00,2019-09-21 15:24:38+01:00,2019-09-21 15:35:28+01:00
807,Running,9.95,min,0.0,km,102.0,kcal,MapMyFitness,19170000,2019-09-21 15:38:12+01:00,2019-09-21 15:37:40+01:00,2019-09-21 15:47:37+01:00
881,Running,30.23575264811516,min,3.1540384971757964,km,308.51982230451716,kcal,DivyeshBC’s Apple Watch,5.3.2,2019-10-12 20:27:03+01:00,2019-10-12 19:47:20+01:00,2019-10-12 20:26:49+01:00
882,Running,30.23333333333333,min,0.0,km,310.0,kcal,MapMyFitness,19190000,2019-10-12 20:55:26+01:00,2019-10-12 20:55:00+01:00,2019-10-12 21:25:14+01:00
907,Running,25.076157663265857,min,2.882667832178259,km,257.5864227180999,kcal,DivyeshBC’s Apple Watch,5.3.2,2019-10-18 13:09:38+01:00,2019-10-18 12:43:19+01:00,2019-10-18 13:09:30+01:00
908,Running,25.06666666666667,min,0.0,km,257.0,kcal,MapMyFitness,19200000,2019-10-18 13:11:35+01:00,2019-10-18 13:10:53+01:00,2019-10-18 13:35:57+01:00
911,Running,21.53217208782832,min,2.470843241717718,km,199.4123106805054,kcal,DivyeshBC’s Apple Watch,5.3.2,2019-10-19 13:09:13+01:00,2019-10-19 12:45:42+01:00,2019-10-19 13:08:50+01:00
912,Running,20.991400500138603,min,2.2032404812680317,km,190.05025643560657,kcal,DivyeshBC’s Apple Watch,5.3.2,2019-10-19 13:33:13+01:00,2019-10-19 13:08:50+01:00,2019-10-19 13:33:05+01:00
915,Running,42.51666666666667,min,0.0,km,471.0,kcal,MapMyFitness,19200000,2019-10-19 13:35:07+01:00,2019-10-19 13:34:33+01:00,2019-10-19 14:17:04+01:00
922,Running,19.02603486180305,min,2.6206998902971734,km,212.76133536814342,kcal,DivyeshBC’s Apple Watch,5.3.2,2019-10-20 19:01:42+01:00,2019-10-20 18:41:21+01:00,2019-10-20 19:01:22+01:00
923,Running,19.016666666666673,min,0.0,km,212.0,kcal,MapMyFitness,19200000,2019-10-20 19:02:16+01:00,2019-10-20 19:01:36+01:00,2019-10-20 19:20:37+01:00
959,Running,65.14414198994636,min,7.0955193584014165,km,713.5424473186879,kcal,DivyeshBC’s Apple Watch,5.3.2,2019-10-26 18:03:44+01:00,2019-10-26 16:56:01+01:00,2019-10-26 18:03:14+01:00
960,Running,65.13333333333334,min,0.0,km,713.0,kcal,MapMyFitness,19200000,2019-10-26 18:04:01+01:00,2019-10-26 18:03:31+01:00,2019-10-26 19:08:39+01:00
961,Running,30.67988381783168,min,3.420823547268754,km,302.2482374179658,kcal,DivyeshBC’s Apple Watch,5.3.2,2019-10-28 19:27:31+01:00,2019-10-28 18:56:12+01:00,2019-10-28 19:27:17+01:00
963,Running,30.66666666666667,min,0.0,km,302.0,kcal,MapMyFitness,19200000,2019-10-28 19:31:03+01:00,2019-10-28 19:30:32+01:00,2019-10-28 20:01:12+01:00
986,Running,5.5070199251174925,min,0.6682658890074415,km,52.787015693521155,kcal,DivyeshBC’s Apple Watch,5.3.2,2019-11-01 17:12:03+01:00,2019-11-01 17:05:33+01:00,2019-11-01 17:11:57+01:00
987,Running,5.5,min,0.0,km,52.0,kcal,MapMyFitness,19200000,2019-11-01 17:19:06+01:00,2019-11-01 17:18:41+01:00,2019-11-01 17:24:11+01:00
992,Running,44.5398308734099,min,4.760950038879639,km,496.8014429645974,kcal,DivyeshBC’s Apple Watch,5.3.2,2019-11-02 15:50:37+01:00,2019-11-02 15:04:32+01:00,2019-11-02 15:50:16+01:00
995,Running,44.53333333333333,min,0.0,km,496.0,kcal,MapMyFitness,19200000,2019-11-02 15:52:27+01:00,2019-11-02 15:52:03+01:00,2019-11-02 16:36:35+01:00
1030,Running,45.082607273260756,min,5.782562446626294,km,452.85973326615095,kcal,DivyeshBC’s Apple Watch,6.1,2019-11-09 13:46:26+01:00,2019-11-09 12:59:54+01:00,2019-11-09 13:46:11+01:00
1033,Running,36.097536879777905,min,2.051030711119294,km,124.0787484314162,kcal,DivyeshBC’s Apple Watch,6.1,2019-11-10 23:55:43+01:00,2019-11-10 23:09:35+01:00,2019-11-10 23:55:22+01:00
1044,Running,19.67681207060814,min,0.7834823779753021,km,46.84221580309615,kcal,DivyeshBC’s Apple Watch,6.1,2019-11-12 23:49:53+01:00,2019-11-12 23:24:36+01:00,2019-11-12 23:49:38+01:00
1046,Running,45.94490105509758,min,5.336470981399231,km,449.4174717632425,kcal,DivyeshBC’s Apple Watch,6.1,2019-11-13 18:56:32+01:00,2019-11-13 18:08:30+01:00,2019-11-13 18:56:08+01:00
1061,Running,31.367452224095658,min,3.7108732250806935,km,302.798115999419,kcal,DivyeshBC’s Apple Watch,6.1,2019-11-20 18:41:38+01:00,2019-11-20 18:08:53+01:00,2019-11-20 18:41:26+01:00
1074,Running,59.99753199418385,min,8.033791163480872,km,716.7955016228592,kcal,DivyeshBC’s Apple Watch,6.1,2019-11-23 19:55:06+01:00,2019-11-23 18:54:05+01:00,2019-11-23 19:54:31+01:00
1085,Running,51.617549234628676,min,4.058522125402093,km,324.5449888562956,kcal,DivyeshBC’s Apple Watch,6.1,2019-12-30 13:51:17+01:00,2019-12-30 12:54:57+01:00,2019-12-30 13:50:44+01:00
1134,Running,27.5573156495889,min,3.738750502052252,km,304.60571731942434,kcal,DivyeshBC’s Apple Watch,6.1.1,2020-01-23 18:40:29+01:00,2020-01-23 18:12:35+01:00,2020-01-23 18:40:16+01:00
1150,Running,20.00710331996282,min,2.630110961764586,km,198.2490573030416,kcal,DivyeshBC’s Apple Watch,6.1.1,2020-01-28 18:29:40+01:00,2020-01-28 18:09:10+01:00,2020-01-28 18:29:32+01:00
1156,Running,11.92233297626177,min,1.703484363160308,km,134.52177449167678,kcal,DivyeshBC’s Apple Watch,6.1.1,2020-01-30 21:16:04+01:00,2020-01-30 18:40:07+01:00,2020-01-30 18:52:14+01:00
1162,Running,18.31109179258346,min,2.3427224210566746,km,202.9127515535128,kcal,DivyeshBC’s Apple Watch,6.1.2,2020-02-05 19:15:29+01:00,2020-02-05 18:56:13+01:00,2020-02-05 19:15:21+01:00
1171,Running,29.4569510281086,min,3.7330347745197545,km,302.527858791757,kcal,DivyeshBC’s Apple Watch,6.1.2,2020-02-08 17:06:58+01:00,2020-02-08 16:36:01+01:00,2020-02-08 17:06:46+01:00
1177,Running,20.09474715590477,min,2.8791249784520443,km,234.3016699974971,kcal,DivyeshBC’s Apple Watch,6.1.2,2020-02-13 17:14:06+01:00,2020-02-13 16:52:59+01:00,2020-02-13 17:13:55+01:00
1216,Running,30.028926036755237,min,4.517777486986348,km,364.3085301639168,kcal,DivyeshBC’s Apple Watch,6.1.3,2020-03-07 14:23:15+01:00,2020-03-07 13:52:46+01:00,2020-03-07 14:23:03+01:00
1224,Running,44.68901745080948,min,6.012164222885094,km,502.4007630363897,kcal,DivyeshBC’s Apple Watch,6.1.3,2020-03-11 14:05:20+01:00,2020-03-11 13:19:52+01:00,2020-03-11 14:05:09+01:00
1226,Running,21.37051909168561,min,1.3529907982507459,km,88.60681449280813,kcal,DivyeshBC’s Apple Watch,6.1.3,2020-03-11 16:15:26+01:00,2020-03-11 15:37:48+01:00,2020-03-11 16:15:17+01:00
1231,Running,29.804330720504126,min,3.5727838660478466,km,300.6264610963307,kcal,DivyeshBC’s Apple Watch,6.1.3,2020-03-14 14:37:36+01:00,2020-03-14 14:04:54+01:00,2020-03-14 14:37:26+01:00
1237,Running,45.2724109907945,min,4.53974829995825,km,465.46705676268687,kcal,DivyeshBC’s Apple Watch,6.1.3,2020-03-22 20:40:59+01:00,2020-03-22 19:50:51+01:00,2020-03-22 20:40:41+01:00
1238,Running,32.93931373755137,min,3.287109539624681,km,306.6944280214323,kcal,DivyeshBC’s Apple Watch,6.1.3,2020-03-24 10:00:14+01:00,2020-03-24 09:25:24+01:00,2020-03-24 09:59:56+01:00
1243,Running,25.037621364990873,min,2.8533774737666118,km,257.1437647608272,kcal,DivyeshBC’s Apple Watch,6.1.3,2020-03-27 21:56:17+01:00,2020-03-27 21:30:22+01:00,2020-03-27 21:56:09+01:00
1248,Running,29.70629732410113,min,3.8180294049702943,km,317.53815259308936,kcal,DivyeshBC’s Apple Watch,6.1.3,2020-03-29 13:29:42+01:00,2020-03-29 12:56:25+01:00,2020-03-29 13:29:29+01:00
1249,Running,45.00196810364722,min,5.541736982088471,km,470.9434090726365,kcal,DivyeshBC’s Apple Watch,6.1.3,2020-03-30 19:38:23+01:00,2020-03-30 18:52:19+01:00,2020-03-30 19:38:08+01:00
1252,Running,60.01685537099839,min,6.9065604434737935,km,637.5396770406622,kcal,DivyeshBC’s Apple Watch,6.1.3,2020-04-02 20:07:35+01:00,2020-04-02 19:06:43+01:00,2020-04-02 20:07:12+01:00
1256,Running,45.480419222513845,min,4.957791213416279,km,482.8944247903923,kcal,DivyeshBC’s Apple Watch,6.1.3,2020-04-07 18:49:33+01:00,2020-04-07 18:02:02+01:00,2020-04-07 18:49:16+01:00
1260,Running,32.80491038362185,min,3.708100297367,km,333.85430125591637,kcal,DivyeshBC’s Apple Watch,6.1.3,2020-04-10 19:54:12+01:00,2020-04-10 19:20:20+01:00,2020-04-10 19:54:01+01:00
1261,Running,50.024845004081726,min,5.469413775631755,km,517.852001031496,kcal,DivyeshBC’s Apple Watch,6.1.3,2020-04-11 18:12:17+01:00,2020-04-11 17:20:38+01:00,2020-04-11 18:12:04+01:00
1264,Running,25.008633478482572,min,2.1836563612204083,km,249.26596361174703,kcal,DivyeshBC’s Apple Watch,6.1.3,2020-04-15 19:06:13+01:00,2020-04-15 18:39:39+01:00,2020-04-15 19:06:03+01:00
1265,Running,44.99843388398488,min,4.161641185267982,km,453.38757935179564,kcal,DivyeshBC’s Apple Watch,6.1.3,2020-04-17 18:51:36+01:00,2020-04-17 18:03:48+01:00,2020-04-17 18:51:17+01:00
1266,Running,30.0039512693882,min,2.8590582381512983,km,299.1628995469359,kcal,DivyeshBC’s Apple Watch,6.1.3,2020-04-18 19:00:00+01:00,2020-04-18 18:27:41+01:00,2020-04-18 18:59:46+01:00
1269,Running,25.448856427272162,min,2.06919169404255,km,219.8508425613157,kcal,DivyeshBC’s Apple Watch,6.1.3,2020-04-20 20:37:11+01:00,2020-04-20 19:56:44+01:00,2020-04-20 20:22:17+01:00
1273,Running,52.44190994898479,min,5.017385398049264,km,568.9749848330665,kcal,DivyeshBC’s Apple Watch,6.1.3,2020-04-24 18:42:36+01:00,2020-04-24 17:46:16+01:00,2020-04-24 18:42:23+01:00
1278,Running,32.51197433869044,min,3.174086464812581,km,311.98749072839564,kcal,DivyeshBC’s Apple Watch,6.1.3,2020-05-01 19:01:28+01:00,2020-05-01 18:24:48+01:00,2020-05-01 19:01:18+01:00
1281,Running,30.061993857224778,min,3.4217003165994937,km,346.2253783935227,kcal,DivyeshBC’s Apple Watch,6.1.3,2020-05-04 08:13:16+01:00,2020-05-04 07:42:53+01:00,2020-05-04 08:13:06+01:00
1284,Running,30.05917905569077,min,3.2085810014843434,km,326.6821300690626,kcal,DivyeshBC’s Apple Watch,6.1.3,2020-05-05 11:44:02+01:00,2020-05-05 11:13:21+01:00,2020-05-05 11:43:47+01:00
1289,Running,30.008261994520822,min,3.381734702320962,km,315.9214392001413,kcal,DivyeshBC’s Apple Watch,6.1.3,2020-05-07 08:45:06+01:00,2020-05-07 07:54:55+01:00,2020-05-07 08:44:53+01:00
1292,Running,45.999333252509444,min,4.5693948920176055,km,461.0205580232337,kcal,DivyeshBC’s Apple Watch,6.1.3,2020-05-08 12:14:12+01:00,2020-05-08 11:22:05+01:00,2020-05-08 12:13:44+01:00
1294,Running,45.03775417606036,min,5.398064545576903,km,482.74019714165513,kcal,DivyeshBC’s Apple Watch,6.1.3,2020-05-11 18:52:01+01:00,2020-05-11 18:05:17+01:00,2020-05-11 18:51:36+01:00
1296,Running,40.30555950005849,min,4.739390494816648,km,405.14174120796343,kcal,DivyeshBC’s Apple Watch,6.1.3,2020-05-12 07:52:49+01:00,2020-05-12 07:03:30+01:00,2020-05-12 07:51:55+01:00
1298,Running,45.17973950703939,min,5.4504883269431605,km,445.0998863537551,kcal,DivyeshBC’s Apple Watch,6.1.3,2020-05-13 08:40:53+01:00,2020-05-13 07:52:49+01:00,2020-05-13 08:40:33+01:00
1301,Running,40.35292152563731,min,4.807438868118001,km,412.88106186206414,kcal,DivyeshBC’s Apple Watch,6.1.3,2020-05-14 08:39:53+01:00,2020-05-14 07:57:13+01:00,2020-05-14 08:39:36+01:00
1304,Running,50.06560152173042,min,6.094030133814736,km,521.3800172817929,kcal,DivyeshBC’s Apple Watch,6.1.3,2020-05-15 08:36:42+01:00,2020-05-15 07:41:53+01:00,2020-05-15 08:36:23+01:00
1307,Running,30.066209055980053,min,4.104385488761459,km,374.0768372280418,kcal,DivyeshBC’s Apple Watch,6.1.3,2020-05-16 10:27:09+01:00,2020-05-16 09:55:23+01:00,2020-05-16 10:26:43+01:00
1310,Running,28.584036997954048,min,3.545091422522797,km,347.65868078984323,kcal,DivyeshBC’s Apple Watch,6.1.3,2020-05-19 08:27:32+01:00,2020-05-19 06:54:16+01:00,2020-05-19 07:24:06+01:00
1311,Running,56.534273874759684,min,6.637743224348768,km,628.41296004738,kcal,DivyeshBC’s Apple Watch,6.2.5,2020-05-22 06:34:23+01:00,2020-05-22 05:31:22+01:00,2020-05-22 06:34:02+01:00
1331,Running,37.31901614069939,min,3.600641999609648,km,408.5094530997866,kcal,DivyeshBC’s Apple Watch,6.2.5,2020-06-02 19:29:19+01:00,2020-06-02 18:50:57+01:00,2020-06-02 19:29:03+01:00
1334,Running,21.572371550401048,min,2.1696317259665068,km,225.6735355685746,kcal,DivyeshBC’s Apple Watch,6.2.5,2020-06-03 18:49:41+01:00,2020-06-03 18:27:35+01:00,2020-06-03 18:49:30+01:00
1341,Running,20.00948373277982,min,2.1001868466933753,km,219.1520467927132,kcal,DivyeshBC’s Apple Watch,6.2.6,2020-06-05 17:59:01+01:00,2020-06-05 17:38:43+01:00,2020-06-05 17:58:47+01:00
1344,Running,43.59820090929667,min,3.9675832545559238,km,444.33690752382654,kcal,DivyeshBC’s Apple Watch,6.2.6,2020-06-06 19:12:37+01:00,2020-06-06 18:27:41+01:00,2020-06-06 19:12:17+01:00
1347,Running,24.925003278255463,min,2.3338768996307806,km,274.3034022372374,kcal,DivyeshBC’s Apple Watch,6.2.6,2020-06-08 17:29:50+01:00,2020-06-08 17:04:31+01:00,2020-06-08 17:29:42+01:00
1351,Running,21.44130843480428,min,2.005249273883265,km,160.6883191894264,kcal,DivyeshBC’s Apple Watch,6.2.6,2020-06-11 18:30:34+01:00,2020-06-11 18:08:12+01:00,2020-06-11 18:30:27+01:00
1355,Running,31.55442705750465,min,3.4114863020214985,km,341.6737680328391,kcal,DivyeshBC’s Apple Watch,6.2.6,2020-06-13 11:50:45+01:00,2020-06-13 11:18:23+01:00,2020-06-13 11:50:28+01:00
1361,Running,38.40528367360432,min,3.461020549643088,km,377.1270319384246,kcal,DivyeshBC’s Apple Watch,6.2.6,2020-06-16 17:49:54+01:00,2020-06-16 17:07:12+01:00,2020-06-16 17:49:36+01:00
1365,Running,49.854837377866104,min,5.711870152343116,km,575.7077175007453,kcal,DivyeshBC’s Apple Watch,6.2.6,2020-06-22 17:28:40+01:00,2020-06-22 16:37:40+01:00,2020-06-22 17:28:25+01:00
1369,Running,30.65613175630569,min,2.423543548810151,km,303.8983118909808,kcal,DivyeshBC’s Apple Watch,6.2.6,2020-06-26 19:14:11+01:00,2020-06-26 18:39:56+01:00,2020-06-26 19:12:42+01:00
1372,Running,30.00136948625247,min,2.3791226416074602,km,301.5925282346872,kcal,DivyeshBC’s Apple Watch,6.2.6,2020-06-30 19:23:59+01:00,2020-06-30 18:48:12+01:00,2020-06-30 19:23:47+01:00
1373,Running,30.040059490998587,min,2.901232677981791,km,299.14932090470387,kcal,DivyeshBC’s Apple Watch,6.2.6,2020-07-01 18:44:53+01:00,2020-07-01 18:12:50+01:00,2020-07-01 18:44:42+01:00
1375,Running,30.325537361701326,min,3.0557856492613973,km,301.6220007154549,kcal,DivyeshBC’s Apple Watch,6.2.6,2020-07-03 19:11:31+01:00,2020-07-03 18:39:35+01:00,2020-07-03 19:11:19+01:00
1377,Running,46.016741220156355,min,3.563876995867676,km,516.7052877126857,kcal,DivyeshBC’s Apple Watch,6.2.6,2020-07-06 17:37:12+01:00,2020-07-06 16:48:07+01:00,2020-07-06 17:36:55+01:00
1380,Running,29.980860072374337,min,2.2643795467461936,km,252.736547499246,kcal,DivyeshBC’s Apple Watch,6.2.6,2020-07-08 20:23:41+01:00,2020-07-08 19:49:12+01:00,2020-07-08 20:23:20+01:00
1381,Running,30.013583882649737,min,2.2438500682800497,km,262.1634403782672,kcal,DivyeshBC’s Apple Watch,6.2.6,2020-07-10 19:50:07+01:00,2020-07-10 19:15:16+01:00,2020-07-10 19:49:55+01:00
1383,Running,30.02969339291255,min,3.011137859661852,km,314.94462977233917,kcal,DivyeshBC’s Apple Watch,6.2.6,2020-07-13 18:25:01+01:00,2020-07-13 17:52:36+01:00,2020-07-13 18:24:50+01:00
1387,Running,30.82410615881284,min,2.1872205225135146,km,279.4215692631498,kcal,DivyeshBC’s Apple Watch,6.2.6,2020-07-15 18:34:53+01:00,2020-07-15 18:02:33+01:00,2020-07-15 18:34:44+01:00
1389,Running,50.05819932421047,min,4.330423357491475,km,533.0302410460272,kcal,DivyeshBC’s Apple Watch,6.2.6,2020-07-17 19:00:56+01:00,2020-07-17 18:07:59+01:00,2020-07-17 19:00:38+01:00
1392,Running,30.22039100925128,min,2.978918626600765,km,308.11046437095473,kcal,DivyeshBC’s Apple Watch,6.2.6,2020-07-22 19:04:20+01:00,2020-07-22 18:33:13+01:00,2020-07-22 19:04:04+01:00
1396,Running,29.09803955952327,min,2.8247559747033435,km,278.784495342443,kcal,DivyeshBC’s Apple Watch,6.2.6,2020-07-28 18:41:16+01:00,2020-07-28 18:09:07+01:00,2020-07-28 18:41:06+01:00
1398,Running,24.081110441684718,min,2.2984395386199132,km,230.7518525819093,kcal,DivyeshBC’s Apple Watch,6.2.6,2020-07-30 19:03:46+01:00,2020-07-30 18:37:22+01:00,2020-07-30 19:03:32+01:00
1403,Running,26.00578249096871,min,1.99446764414064,km,259.8746431900541,kcal,DivyeshBC’s Apple Watch,6.2.6,2020-08-07 19:20:33+01:00,2020-08-07 18:52:05+01:00,2020-08-07 19:20:24+01:00
1407,Running,20.17570911447207,min,1.9436133486724618,km,201.17121510365538,kcal,DivyeshBC’s Apple Watch,6.2.6,2020-08-13 18:32:26+01:00,2020-08-13 18:11:38+01:00,2020-08-13 18:32:17+01:00
1410,Running,30.09815732041995,min,2.812738600946493,km,277.4375485536929,kcal,DivyeshBC’s Apple Watch,6.2.6,2020-08-15 12:29:16+01:00,2020-08-15 11:57:13+01:00,2020-08-15 12:29:03+01:00
1415,Running,40.01890375216802,min,3.9986932528028416,km,411.3463361533485,kcal,DivyeshBC’s Apple Watch,6.2.6,2020-08-19 18:05:14+01:00,2020-08-19 17:24:30+01:00,2020-08-19 18:05:01+01:00
1422,Running,27.068773273626963,min,2.466340048226145,km,227.5774556237308,kcal,DivyeshBC’s Apple Watch,6.2.6,2020-08-25 18:20:16+01:00,2020-08-25 17:45:10+01:00,2020-08-25 18:20:03+01:00
1443,Running,31.014083447059,min,3.3489259357982766,km,382.6403801582446,kcal,DivyeshBC’s Apple Watch,6.2.6,2020-09-10 17:34:19+01:00,2020-09-10 17:03:04+01:00,2020-09-10 17:34:08+01:00
1456,Running,60.540265862147024,min,5.008816925552062,km,701.5231053514128,kcal,DivyeshBC’s Apple Watch,6.2.8,2020-09-20 11:38:46+01:00,2020-09-20 10:35:59+01:00,2020-09-20 11:38:05+01:00
1460,Running,2.326822727918625,min,0.1136666201856583,km,5.969953820285497,kcal,DivyeshBC’s Apple Watch,6.2.8,2020-09-23 18:26:07+01:00,2020-09-23 18:18:51+01:00,2020-09-23 18:26:02+01:00
1464,Running,44.746463129917785,min,3.364320464049881,km,591.5355125664382,kcal,DivyeshBC’s Apple Watch,6.2.8,2020-10-25 11:11:09+01:00,2020-10-25 10:19:09+01:00,2020-10-25 11:10:54+01:00
1467,Running,40.065792538722356,min,3.099613328830303,km,384.61168500875436,kcal,DivyeshBC’s Apple Watch,6.2.8,2020-10-31 13:18:38+01:00,2020-10-31 12:33:45+01:00,2020-10-31 13:18:25+01:00
1471,Running,20.096256724993392,min,1.9203467221857118,km,179.0610054538599,kcal,DivyeshBC’s Apple Watch,6.2.8,2021-01-08 20:18:31+01:00,2021-01-08 19:47:48+01:00,2021-01-08 20:18:13+01:00
1472,Running,30.798625836769737,min,2.887402450150444,km,294.742804424473,kcal,DivyeshBC’s Apple Watch,6.2.8,2021-01-10 12:42:03+01:00,2021-01-10 12:05:48+01:00,2021-01-10 12:41:49+01:00
1475,Running,20.02191798488299,min,1.894917728249978,km,152.1853552753625,kcal,DivyeshBC’s Apple Watch,6.2.8,2021-01-13 20:50:17+01:00,2021-01-13 20:29:59+01:00,2021-01-13 20:50:10+01:00
1476,Running,12.200667872031529,min,1.366721007151741,km,128.4204004843474,kcal,Divyesh B’s Apple Watch,6.2.8,2021-02-18 20:04:41+01:00,2021-02-18 19:47:12+01:00,2021-02-18 20:04:36+01:00
1479,Running,25.816326206922533,min,2.7318201592017806,km,303.4254523791645,kcal,Divyesh B’s Apple Watch,6.2.8,2021-02-22 18:28:03+01:00,2021-02-22 17:59:38+01:00,2021-02-22 18:27:38+01:00
1480,Running,45.052641439437856,min,4.200394830444681,km,478.4798108144175,kcal,Divyesh B’s Apple Watch,6.2.8,2021-02-26 22:08:30+01:00,2021-02-26 21:21:10+01:00,2021-02-26 22:08:17+01:00
1482,Running,37.091052027543384,min,3.2756296632496946,km,392.12573228287437,kcal,Divyesh B’s Apple Watch,6.2.8,2021-04-21 19:23:19+01:00,2021-04-21 18:41:07+01:00,2021-04-21 19:22:40+01:00
1483,Running,29.606418613592783,min,2.5572505948736657,km,0.0,kcal,Divyesh B’s Apple Watch,6.2.8,2021-04-26 18:02:34+01:00,2021-04-26 17:29:50+01:00,2021-04-26 18:02:20+01:00
